add,bath,bed,car,desc,features,headline,id,lat,lon,photo,postcode,price,street,suburb,type,url,url2,date,min_price,max_price
"184 Pretoria Parade, Hornsby",2.0,3.0,1.0,"<b></b><br />Our homes are still open, but by private appointment only. Please contact Mark Seymour 0412 535 364 to arrange your private time slot within the advertised open home time. 

If you are a first home buyer this bright split level 3 bedroom...","['AirConditioning', 'Ensuite', 'InternalLaundry', 'NorthFacing', 'Dishwasher', 'SolarPanels']",Tranquil Bush Setting,2017095294.0,-33.7037468,151.081863,https://bucket-api.domain.com.au/v1/bucket/image/2017095294_1_1_210625_012806-w3600-h2398,2077,"Auction Saturday 24 July, 5:45pm",Pretoria Parade,HORNSBY,House,https://www.domain.com.au/184-pretoria-parade--hornsby-2077-2017095294,https://www.domain.com.au/184-pretoria-parade-hornsby-nsw-2077-2017095294,2021-07-10,,
"8/7-11 Webb Avenue, Hornsby",2.0,3.0,1.0,"<b></b><br />Modern and stylish townhouse living

You'll love being so close to everything Hornsby has to offer in this ultra-convenient, well-apportioned townhouse. Situated at the rear of the complex, quietly off the street, this 3 bedroom, 2.5 bat...","['AirConditioning', 'BuiltInWardrobes', 'Floorboards', 'Gas', 'SecureParking', 'Dishwasher']",Open home cancelled - replaced with private one-on-one inspections - please book with agent,2017093378.0,-33.7057953,151.095108,https://bucket-api.domain.com.au/v1/bucket/image/2017093378_1_1_210624_042443-w6192-h4128,2077,Auction on site unless sold prior,Webb Avenue,HORNSBY,Townhouse,https://www.domain.com.au/8-7-11-webb-avenue--hornsby-2077-2017093378,https://www.domain.com.au/8-7-11-webb-avenue-hornsby-nsw-2077-2017093378,2021-07-10,,
"165 Pretoria Parade, Hornsby",2.0,5.0,2.0,"<b></b><br />Our homes are still open, but by private appointment only. Please contact Jaime Garrick 0434 538 368 or Eddie Yiu 0416 128 229 to arrange your private inspection within an allotted time.

Flexible family living and relaxed entertaining i...",['Dishwasher'],Stylish renovations and flexible family living,2017078379.0,-33.7046623,151.083191,https://bucket-api.domain.com.au/v1/bucket/image/2017078379_1_1_210617_060814-w6192-h4128,2077,"Guide $1,600,000",Pretoria Parade,HORNSBY,House,https://www.domain.com.au/165-pretoria-parade--hornsby-2077-2017078379,https://www.domain.com.au/165-pretoria-parade-hornsby-nsw-2077-2017078379,2021-07-10,1600000.0,1600000.0
"25 Clovelly Road, Hornsby",3.0,5.0,2.0,"<b></b><br />Our homes are still able to be inspected by private appointment on a one-by-one basis. Please contact Jaime Garrick 0434 538 368 or Eddie Yiu 0416 128 229 to arrange your private time slot. 

A complete family home package that encapsula...","['AirConditioning', 'BuiltInWardrobes', 'Ensuite', 'Gas', 'SecureParking', 'Bath', 'Dishwasher']","Sun-Lit, Warm and Inviting Family Home",2017078303.0,-33.70975,151.091766,https://bucket-api.domain.com.au/v1/bucket/image/2017078303_5_1_210617_055944-w6192-h4128,2077,"Auction Saturday 31 July, 5.15pm",Clovelly Road,HORNSBY,House,https://www.domain.com.au/25-clovelly-road--hornsby-2077-2017078303,https://www.domain.com.au/25-clovelly-road-hornsby-nsw-2077-2017078303,2021-07-10,,
"70 King Road, Hornsby",2.0,3.0,2.0,"<b></b><br />An excellent next step for families and a perfect alternative to typical townhouse and apartment style living

This light filled modern free-standing home is ready to enjoy and offers minimal maintenance costs and the various other benefit...","['AirConditioning', 'BuiltInWardrobes', 'Ensuite', 'Gas', 'InternalLaundry', 'SecureParking', 'Bath', 'Dishwasher', 'SolarPanels']",MODERN COMFORT VIEWS - CONVENIENTLY LOCATED,2017064042.0,-33.7001038,151.1149,https://bucket-api.domain.com.au/v1/bucket/image/2017064042_1_1_210610_040546-w1802-h1200,2077,Auction Sun 11th Jul 10:00am - Under contract,King Road,HORNSBY,House,https://www.domain.com.au/70-king-road--hornsby-2077-2017064042,https://www.domain.com.au/70-king-road-hornsby-nsw-2077-2017064042,2021-07-10,,
"9/15-17 Forbes Street, Hornsby",2.0,3.0,2.0,"<b></b><br />Our homes are still able to be inspected by private appointment on a one-by-one basis. Please contact Eddie Yiu 0416 128 229 to arrange your private time slot. 

Superbly located in one of Hornsby's most convenient streets - Forbes Stree...","['AirConditioning', 'BuiltInWardrobes', 'Ensuite', 'Floorboards', 'Gas', 'PetsAllowed', 'SecureParking', 'NorthFacing', 'BroadbandInternetAccess', 'Bath', 'SeparateDiningRoom', 'Heating', 'Dishwasher', 'Study', 'FullyFenced', 'WallCeilingInsulation', 'GardenCourtyard']",Under Contract,2017040608.0,-33.70645,151.096924,https://bucket-api.domain.com.au/v1/bucket/image/2017040608_1_1_210531_050243-w3600-h2400,2077,Under Contract,Forbes Street,HORNSBY,Townhouse,https://www.domain.com.au/9-15-17-forbes-street--hornsby-2077-2017040608,https://www.domain.com.au/9-15-17-forbes-street-hornsby-nsw-2077-2017040608,2021-07-10,,
"2/19 Old Berowra road, Hornsby",2.0,3.0,2.0,"<b></b><br />Hornsby North Catchment
Highly sought-after location.
Open by Saturday inspection' by appointment to come in the week

Air Conditioning
Balcony
Built-in Robes
Courtyard
Dishwasher
Ensuite
Floorboards
Fully Fenced
Gas Heating
Intercom
Livin...","['AirConditioning', 'BuiltInWardrobes', 'Ensuite', 'Floorboards', 'Gas', 'SecureParking', 'Intercom', 'Heating', 'Dishwasher', 'FullyFenced']",Townhouses Off Plan,2016885978.0,-33.6894226,151.099838,https://bucket-api.domain.com.au/v1/bucket/image/2016832828_5_1_210301_035119-w2552-h1636,2077,CONTACT AGENT,Old Berowra road,HORNSBY,Townhouse,https://www.domain.com.au/2-19-old-berowra-road--hornsby-2077-2016885978,https://www.domain.com.au/2-19-old-berowra-road-hornsby-nsw-2077-2016885978,2021-07-10,,
"4/19 Old Berowra Road, Hornsby",2.0,3.0,2.0,"<b></b><br />Hornsby North Catchment
 Highly sought-after location.
Open by Saturday inspection' at Century 21 , 8 Wattle Street Asquith.


Air Conditioning
Balcony
Built-in Robes
Courtyard
Dishwasher
Ensuite
Floorboards
Fully Fenced
Gas Heating
Interc...","['AirConditioning', 'BuiltInWardrobes', 'Ensuite', 'Floorboards', 'Gas', 'SecureParking', 'Intercom', 'Heating', 'Dishwasher', 'FullyFenced']",Townhouses Off Plan in the Hornsby North Catchment,2016878866.0,-33.6894226,151.099838,https://bucket-api.domain.com.au/v1/bucket/image/2016832828_5_1_210301_035119-w2552-h1636,2077,CONTACT AGENT,Old Berowra Road,HORNSBY,Townhouse,https://www.domain.com.au/4-19-old-berowra-road--hornsby-2077-2016878866,https://www.domain.com.au/4-19-old-berowra-road-hornsby-nsw-2077-2016878866,2021-07-10,,
"3/19 Old Berowra road, Hornsby",2.0,3.0,2.0,"<b></b><br />Townhouses in highly sought-after location.
Hornsby North Catchment
Please make your appointment to come in the week 

Air Conditioning
Balcony
Built-in Robes
Courtyard
Dishwasher
Ensuite
Floorboards
Fully Fenced
Gas Heating
Intercom
Livin...","['AirConditioning', 'BuiltInWardrobes', 'Ensuite', 'Floorboards', 'Gas', 'SecureParking', 'Intercom', 'Heating', 'Dishwasher', 'FullyFenced']",Townhouses in highly sought after location,2016832828.0,-33.6894226,151.099838,https://bucket-api.domain.com.au/v1/bucket/image/2016832828_4_1_210301_035119-w2548-h1640,2077,CONTACT AGENT,Old Berowra road,HORNSBY,Townhouse,https://www.domain.com.au/3-19-old-berowra-road--hornsby-2077-2016832828,https://www.domain.com.au/3-19-old-berowra-road-hornsby-nsw-2077-2016832828,2021-07-10,,
"8/24-26 Citrus Ave, Hornsby",3.0,3.0,2.0,"<b></b><br />Developcorp is proud to announce the commencement of this superb project of prestigious townhouses. Ranging in price from $1,175,000-1,230,000.

On offer is a selection of 12 superb townhouses architecturally designed and consisting of u...","['AirConditioning', 'BuiltInWardrobes', 'Ensuite', 'Floorboards', 'SecureParking', 'AlarmSystem', 'Intercom', 'BroadbandInternetAccess', 'Dishwasher', 'GardenCourtyard', 'BalconyDeck']",Superb New Project,2016544899.0,-33.69323,151.1008,https://bucket-api.domain.com.au/v1/bucket/image/2016544899_1_1_201009_054632-w2000-h1500,2077,"$1,175,000 to $1,235,000",Citrus Ave,HORNSBY,Townhouse,https://www.domain.com.au/8-24-26-citrus-ave--hornsby-2077-2016544899,https://www.domain.com.au/8-24-26-citrus-ave-hornsby-nsw-2077-2016544899,2021-07-10,1175000.0,1235000.0
"54 The Esplanade, Thornleigh",2.0,3.0,2.0,"<b></b><br />Impeccably renovated throughout, this gorgeous character filled home displays all the hallmarks of its original pedigree, with a wraparound verandah framing the charming façade. Step inside to stunning interiors that are finished to the hi...",['AirConditioning'],Stunning renovated character home set in a premium Thornleigh address,2017122088.0,-33.7292366,151.0795,https://bucket-api.domain.com.au/v1/bucket/image/2017122088_1_1_210708_042350-w1600-h1067,2120,Contact Agent,The Esplanade,THORNLEIGH,House,https://www.domain.com.au/54-the-esplanade--thornleigh-2120-2017122088,https://www.domain.com.au/54-the-esplanade-thornleigh-nsw-2120-2017122088,2021-07-10,,
"10 Joycelyn Close, Hornsby Heights",3.0,5.0,2.0,"<b></b><br />Exuding a tranquil resort like feel, this much loved home enjoys spectacular bushland views and expansive interiors offering a versatile floor plan with multiple indoor and outdoor living areas. Perfect for multigenerational or growing fam...","['Ensuite', 'SecureParking', 'SwimmingPool', 'Bath']",Family sanctuary enjoys stunning bush views,2017120949.0,-33.65511,151.1048,https://bucket-api.domain.com.au/v1/bucket/image/2017120949_1_1_210707_115957-w1600-h1200,2077,Please contact for private appointment,Joycelyn Close,HORNSBY HEIGHTS,House,https://www.domain.com.au/10-joycelyn-close--hornsby-heights-2077-2017120949,https://www.domain.com.au/10-joycelyn-close-hornsby-heights-nsw-2077-2017120949,2021-07-10,,
"5/542 Old Northern Road, Dural",2.0,3.0,2.0,"<b></b><br />Set within an exclusive gated complex, this unique three bedroom two-storey townhouse embraces a relaxed effortless lifestyle and an exceptional location, only a minute's walk to Round Corner Village shops.
 
Step into this spacious light-...","['AirConditioning', 'BuiltInWardrobes', 'Ensuite', 'Gas', 'InternalLaundry', 'SecureParking', 'GroundFloor', 'Bath', 'Dishwasher', 'FullyFenced', 'GardenCourtyard', 'BalconyDeck']",Exquisite three bedroom two-storey townhouse,2017119076.0,-33.6941032,151.021164,https://bucket-api.domain.com.au/v1/bucket/image/2017119076_1_1_210707_042058-w1200-h800,2158,Just Listed,Old Northern Road,DURAL,Townhouse,https://www.domain.com.au/5-542-old-northern-road--dural-2158-2017119076,https://www.domain.com.au/5-542-old-northern-road-dural-nsw-2158-2017119076,2021-07-10,,
"34B Hampden Road, Pennant Hills",3.0,4.0,2.0,"<b></b><br />CALL TO ARRANGE A PRIVATE INSPECTION

From the front covered alfresco terrace complete with ceiling fan and woodfired pizza oven to the versatile downstairs rumpus room/teen retreat, you'll enjoy the options presented in this family-frie...","['AirConditioning', 'BuiltInWardrobes', 'Ensuite', 'Floorboards', 'InternalLaundry', 'Bath', 'SeparateDiningRoom', 'Heating', 'Dishwasher', 'GardenCourtyard', 'BalconyDeck']",Well-Located Lifestyle Home with Leafy Vista.,2017118421.0,-33.74368,151.074417,https://bucket-api.domain.com.au/v1/bucket/image/2017118421_1_1_210707_015447-w3600-h2400,2120,Auction,Hampden Road,PENNANT HILLS,House,https://www.domain.com.au/34b-hampden-road--pennant-hills-2120-2017118421,https://www.domain.com.au/34b-hampden-road-pennant-hills-nsw-2120-2017118421,2021-07-10,,
"41 Eucalyptus Drive, Westleigh",2.0,4.0,2.0,"<b></b><br />CALL TO ARRANGE A PRIVATE INSPECTION

You will be impressed and enchanted by this striking classically-styled Spanish family home. 

Set on a large block and offering a private front courtyard, the layout flows from the dining room and...","['BuiltInWardrobes', 'Ensuite', 'Gas', 'SecureParking', 'SwimmingPool', 'Heating']",Striking Spanish Oasis in Sought-after Location.,2017118379.0,-33.71652,151.06868,https://bucket-api.domain.com.au/v1/bucket/image/2017118379_1_1_210707_014944-w2400-h2400,2120,Auction,Eucalyptus Drive,WESTLEIGH,House,https://www.domain.com.au/41-eucalyptus-drive--westleigh-2120-2017118379,https://www.domain.com.au/41-eucalyptus-drive-westleigh-nsw-2120-2017118379,2021-07-10,,
"2C Hall Avenue, Thornleigh",2.0,4.0,2.0,"<b></b><br />Contemporary in its design, this pristine dual level residence abounds with space and convenience. Step inside to a light and inviting interior, with the perfect mix of formal and casual living. Showcasing a seamless connection to the outd...","['AirConditioning', 'BuiltInWardrobes', 'Ensuite', 'Floorboards', 'Gas', 'SecureParking', 'GroundFloor', 'Dishwasher']",Idyllic family living  stroll to station,2017114640.0,-33.72706,151.081,https://bucket-api.domain.com.au/v1/bucket/image/2017114640_1_1_210705_100403-w3000-h2000,2120,Inspections by appointment - Contact Agent to book,Hall Avenue,THORNLEIGH,House,https://www.domain.com.au/2c-hall-avenue--thornleigh-2120-2017114640,https://www.domain.com.au/2c-hall-avenue-thornleigh-nsw-2120-2017114640,2021-07-10,,
"18A Sefton Road, Thornleigh",2.0,3.0,2.0,"<b></b><br />CALL HEATH DOCKARY ON 0411 798 479 TO ARRANGE A PRIVATE INSPECTION

With leafy creek views, this new 3 bedroom brick family home features many added extras. The practical layout offers multiple living zones, allowing everyone to relax and ...","['AirConditioning', 'Ensuite', 'SecureParking', 'Bath']",Immaculate new private rear block home,2017113969.0,-33.72116,151.08342,https://bucket-api.domain.com.au/v1/bucket/image/2017113969_1_1_210705_064626-w2000-h1333,2120,Price on Request,Sefton Road,THORNLEIGH,House,https://www.domain.com.au/18a-sefton-road--thornleigh-2120-2017113969,https://www.domain.com.au/18a-sefton-road-thornleigh-nsw-2120-2017113969,2021-07-10,,
"20 Barkala Place, Westleigh",2.0,4.0,1.0,"<b></b><br />Elevated in a quiet cul-de-sac, this spacious family home consists of four bedrooms, two bathrooms and an open-plan living area which extends to a generous wrap-around deck, spanning the length of the home.  The large windows let in abunda...","['BuiltInWardrobes', 'Ensuite', 'InternalLaundry', 'Dishwasher']",Soak-up the Sweeping Views in a Serene Location,2017107570.0,-33.70942,151.070313,https://bucket-api.domain.com.au/v1/bucket/image/2017107570_1_1_210708_071335-w3244-h2124,2120,Auction,Barkala Place,WESTLEIGH,House,https://www.domain.com.au/20-barkala-place--westleigh-2120-2017107570,https://www.domain.com.au/20-barkala-place-westleigh-nsw-2120-2017107570,2021-07-10,,
"3 Duneba Drive, Westleigh",2.0,4.0,2.0,"<b></b><br />Offering a wonderful opportunity in a leafy, peaceful position in Westleigh, this low-maintenance brick residence presents the ideal scope for you to renovate and create your own. Boasting a family friendly layout that offers plenty of roo...","['AirConditioning', 'BuiltInWardrobes', 'Ensuite', 'SecureParking', 'Gym', 'Bath']",Charming home presents wonderful opportunity,2017105142.0,-33.72301,151.07077,https://bucket-api.domain.com.au/v1/bucket/image/2017105142_1_1_210630_062003-w1500-h998,2120,"Auction, Contact Agent",Duneba Drive,WESTLEIGH,House,https://www.domain.com.au/3-duneba-drive--westleigh-2120-2017105142,https://www.domain.com.au/3-duneba-drive-westleigh-nsw-2120-2017105142,2021-07-10,,
"7/475-477 Pacific Highway, Asquith",2.0,3.0,2.0,"<b></b><br />This property is available for viewing by appointment on 17th July between 12 pm to 2 pm.


Wake up in the leafy Suburb of Asquith, to the most beautiful park views and enjoy amazing sunsets. Direct access from townhouse site to Mills Park...","['Dishwasher', 'Study']",Inspection available by appointment call 0401 928 407,2017096806.0,-33.6819534,151.11058,https://bucket-api.domain.com.au/v1/bucket/image/2017096540_1_1_210625_055515-w5804-h3869,2077,Just Listed!,Pacific Highway,ASQUITH,Townhouse,https://www.domain.com.au/7-475-477-pacific-highway--asquith-2077-2017096806,https://www.domain.com.au/7-475-477-pacific-highway-asquith-nsw-2077-2017096806,2021-07-10,,
"3 Hillcrest  Street, Wahroonga",4.0,5.0,2.0,"<b></b><br />Our homes are still open, but by private appointment only. Please contact David Walker 0414 184 911 or Belinda Edwards	  0451 672 977 to arrange your private time slot within the advertised open home time. 

This prime, 1114sqm block, ne...","['SwimmingPool', 'Bath']",Rare land opportunity in blue-chip Wahroonga,2017096633.0,-33.7160454,151.12999,https://bucket-api.domain.com.au/v1/bucket/image/2017096633_1_1_210625_061803-w3000-h2250,2076,Auction Saturday 17 July 4pm,Hillcrest  Street,WAHROONGA,House,https://www.domain.com.au/3-hillcrest--street--wahroonga-2076-2017096633,https://www.domain.com.au/3-hillcrest-street-wahroonga-nsw-2076-2017096633,2021-07-10,,
"6/475-477 Pacific Highway, Asquith",2.0,3.0,2.0,"<b></b><br />Wake up in the leafy Suburb of Asquith, to the most beautiful park views and enjoy amazing sunsets. Direct access from townhouse site to Mills Park to walk your dog or for your children to have a haven of a garden to play in. Just open the...","['Dishwasher', 'Study']",Townhouse On Park,2017096540.0,-33.6818123,151.110489,https://bucket-api.domain.com.au/v1/bucket/image/2017096540_1_1_210625_055515-w5804-h3869,2077,Under Contract,Pacific Highway,ASQUITH,Townhouse,https://www.domain.com.au/6-475-477-pacific-highway--asquith-2077-2017096540,https://www.domain.com.au/6-475-477-pacific-highway-asquith-nsw-2077-2017096540,2021-07-10,,
"40a Beresford Road, Thornleigh",2.0,3.0,2.0,"<b></b><br />If you are downsizing from the family home, upsizing from a unit or townhouse or looking for that first home then don't miss this perfect opportunity to inspect a well-loved and renovated 3 bedroom home.

With a new kitchen, new flooring, ...","['AirConditioning', 'BuiltInWardrobes', 'Ensuite', 'SecureParking', 'AlarmSystem', 'BalconyDeck']","Single Level, Renovated & Ready For You",2017094499.0,-33.7138443,151.086014,https://bucket-api.domain.com.au/v1/bucket/image/2017094499_1_1_210624_080517-w3000-h1999,2120,Auction 17th July 3:30pm,Beresford Road,THORNLEIGH,House,https://www.domain.com.au/40a-beresford-road--thornleigh-2120-2017094499,https://www.domain.com.au/40a-beresford-road-thornleigh-nsw-2120-2017094499,2021-07-10,,
"143B Galston Road, Hornsby Heights",3.0,5.0,2.0,"<b></b><br />Beautifully presented both inside and out, this expansive five-bedroom home is perfectly tailored for growing and multi-generational households.  Embracing a flawless dual level floor plan bordered by a stunning all-weather entertaining de...","['AirConditioning', 'BuiltInWardrobes', 'Floorboards', 'AlarmSystem']",Immaculate family entertainer of generous proportions,2017094062.0,-33.67558,151.09668,https://bucket-api.domain.com.au/v1/bucket/image/2017094062_1_1_210624_062936-w2000-h1500,2077,Contact for private appointment,Galston Road,HORNSBY HEIGHTS,House,https://www.domain.com.au/143b-galston-road--hornsby-heights-2077-2017094062,https://www.domain.com.au/143b-galston-road-hornsby-heights-nsw-2077-2017094062,2021-07-10,,
"2 Tracey Close, Normanhurst",2.0,5.0,1.0,"<b></b><br />Expressions of Interest closing 9am on Monday, July 19.

Cass Property is pleased to present this expansive residence in a premier Normanhurst cul-de-sac. 

A large family retreat, this home has a warm ambience and a layout designed to mov...","['AirConditioning', 'Ensuite', 'Gas', 'GroundFloor', 'Study']",Large family haven,2017093711.0,-33.7179756,151.100891,https://bucket-api.domain.com.au/v1/bucket/image/2017093711_1_1_210624_052036-w2048-h1365,2076,Expressions of Interest,Tracey Close,NORMANHURST,House,https://www.domain.com.au/2-tracey-close--normanhurst-2076-2017093711,https://www.domain.com.au/2-tracey-close-normanhurst-nsw-2076-2017093711,2021-07-10,,
"2 Lennox Street, Normanhurst",2.0,4.0,2.0,"<b></b><br />Our homes are still open, but strictly by private inspection only. Please contact Anna Cavill 0401 333 981 or Jo Persechino 0481 467 179 to arrange your private time slot within the advertised open home time. 

This vintage mid-century h...","['Floorboards', 'Gas', 'SecureParking']","Deceased Estate, vintage gem holding unharnessed potential",2017093459.0,-33.71964,151.090469,https://bucket-api.domain.com.au/v1/bucket/image/2017093459_1_1_210624_043704-w4134-h2756,2076,"Auction Saturday 31 July, 4pm",Lennox Street,NORMANHURST,House,https://www.domain.com.au/2-lennox-street--normanhurst-2076-2017093459,https://www.domain.com.au/2-lennox-street-normanhurst-nsw-2076-2017093459,2021-07-10,,
"10 Ridgewood Place, Dural",3.0,5.0,2.0,<b></b><br />Spacious design and great functionality combine in this tastefully updated residence to deliver the perfect environment for family living and entertaining. It offers a light filled haven with a fresh feel and a large two-level layout that ...,"['AirConditioning', 'BuiltInWardrobes', 'Ensuite', 'SecureParking', 'Study']",A delightful family haven to relax and enjoy,2017088393.0,-33.71356,151.032654,https://bucket-api.domain.com.au/v1/bucket/image/2017088393_1_1_210622_080918-w1946-h1300,2158,Cherrybrook Tech High Catchment,Ridgewood Place,DURAL,House,https://www.domain.com.au/10-ridgewood-place--dural-2158-2017088393,https://www.domain.com.au/10-ridgewood-place-dural-nsw-2158-2017088393,2021-07-10,,
"11 Murrell Place, Dural",2.0,5.0,2.0,"<b></b><br />Offered for the first time following a quality renovation, this master-built family home is superbly presented for stylish contemporary living and occupies a premium level parcel of land in Dural's sought-after south. The property is impre...","['AirConditioning', 'BuiltInWardrobes', 'Ensuite', 'SecureParking', 'GroundFloor', 'AlarmSystem', 'Study']",Luxuriously enhanced entertainer in desirable setting,2017087161.0,-33.71144,151.027969,https://bucket-api.domain.com.au/v1/bucket/image/2017087161_1_1_210622_043850-w1950-h1300,2158,Cherrybrook Tech High Catchment,Murrell Place,DURAL,House,https://www.domain.com.au/11-murrell-place--dural-2158-2017087161,https://www.domain.com.au/11-murrell-place-dural-nsw-2158-2017087161,2021-07-10,,
"4/32 Clissold Road, Wahroonga",2.0,3.0,2.0,"<b></b><br />DUE TO COVID-19 RESTRICTIONS, PLEASE CALL AGENT 0414732826 TO ARRANGE A PRIVATE VIEWING 

If you have been thinking about downsizing, this really is a must see! Showcasing a feeling of openness, space and light this exquisite single leve...","['AirConditioning', 'BuiltInWardrobes', 'Ensuite', 'InternalLaundry', 'SecureParking', 'NorthFacing', 'Intercom', 'BroadbandInternetAccess', 'Bath', 'Heating', 'Dishwasher', 'FullyFenced', 'WallCeilingInsulation', 'GardenCourtyard']",SPACIOUS SINGLE LEVEL LIVING FOR OVER 55'S,2017085539.0,-33.71338,151.139679,https://bucket-api.domain.com.au/v1/bucket/image/2017085539_1_1_210621_080825-w1600-h1067,2076,AUCTION,Clissold Road,WAHROONGA,Townhouse,https://www.domain.com.au/4-32-clissold-road--wahroonga-2076-2017085539,https://www.domain.com.au/4-32-clissold-road-wahroonga-nsw-2076-2017085539,2021-07-10,,
"26 Dunbar Close, Normanhurst",2.0,3.0,2.0,"<b></b><br />Prime level block in a whisper quiet yet convenient leafy pocket. Nestled on a prized 784sqm north-to-rear level block, this cherished home occupies a premier position in a peaceful, yet wonderfully convenient family orientated cul de sac....","['Gas', 'Study']","Inspections by Appointment, contact me to arrange a viewing.",2017077898.0,-33.7248077,151.0941,https://bucket-api.domain.com.au/v1/bucket/image/2017077898_1_1_210617_050723-w2000-h1500,2076,Sold at Auction by Andrew Searle 0414 955 982,Dunbar Close,NORMANHURST,House,https://www.domain.com.au/26-dunbar-close--normanhurst-2076-2017077898,https://www.domain.com.au/26-dunbar-close-normanhurst-nsw-2076-2017077898,2021-07-10,955000.0,982000.0
"21A Bouvardia Street, Asquith",4.0,5.0,2.0,"<b></b><br />Why you'll love it:
Brand new and beautiful, this magnificent family homeâs extravagantly-appointed spacious interiors and alfresco entertaining with sunny north aspect are tailormade for a lifestyle of contemporary luxury, tucked away in ...","['AirConditioning', 'Ensuite', 'SecureParking']",Brand new luxury residence designed for modern living,2017077870.0,-33.68805,151.105438,https://bucket-api.domain.com.au/v1/bucket/image/2017077870_1_1_210617_050114-w1920-h1440,2077,Auction,Bouvardia Street,ASQUITH,House,https://www.domain.com.au/21a-bouvardia-street--asquith-2077-2017077870,https://www.domain.com.au/21a-bouvardia-street-asquith-nsw-2077-2017077870,2021-07-10,,
"35 Bouvardia Street, Asquith",3.0,5.0,3.0,"<b></b><br />Open homes- by private appointment only. Please contact Steve to arrange your private time slot in the advertise time

Hidden between palm trees that greet your entrance, this beautiful home awaits the growing family. Boasting multiple liv...","['AirConditioning', 'Floorboards', 'Gas', 'Heating']",Please make your appointment through advertised open home time,2017076620.0,-33.6856,151.106979,https://bucket-api.domain.com.au/v1/bucket/image/2017076620_1_1_210617_010454-w4500-h3000,2077,Auction 17th July @ 10.30am,Bouvardia Street,ASQUITH,House,https://www.domain.com.au/35-bouvardia-street--asquith-2077-2017076620,https://www.domain.com.au/35-bouvardia-street-asquith-nsw-2077-2017076620,2021-07-10,,
"50 Greenhaven Drive, Pennant Hills",3.0,5.0,3.0,"<b></b><br />Perfectly positioned with a bush backdrop and located in a peaceful pocket of Pennant Hills, this immaculately maintained family home has been lovingly cared for by the same family since new. Offering generously proportioned rooms, a flexi...","['AirConditioning', 'BuiltInWardrobes', 'Ensuite', 'SecureParking', 'NorthFacing', 'SeparateDiningRoom', 'Dishwasher', 'Study', 'BalconyDeck']",Expansive Family Home In A Sought-After Location,2017076582.0,-33.745575,151.072678,https://bucket-api.domain.com.au/v1/bucket/image/2017076582_1_1_210617_125529-w4500-h2994,2120,Auction (if not sold prior),Greenhaven Drive,PENNANT HILLS,House,https://www.domain.com.au/50-greenhaven-drive--pennant-hills-2120-2017076582,https://www.domain.com.au/50-greenhaven-drive-pennant-hills-nsw-2120-2017076582,2021-07-10,,
"76 Duffy Avenue, Westleigh",2.0,5.0,3.0,"<b></b><br />Situated on over 600sqm & prominently perched on the high side of Duffy Avenue, this 5 bedroom spacious home has the advantage of rear & gated car access whilst being part of the coveted Sanctuary Gardens Estate with resort-style living.
...","['AirConditioning', 'BuiltInWardrobes', 'Ensuite', 'Floorboards', 'Gas', 'SecureParking', 'SwimmingPool', 'Bath', 'SeparateDiningRoom', 'Dishwasher', 'TennisCourt', 'Shed', 'RainwaterStorageTank', 'BalconyDeck']",Luxury Family Resort-Style Living At Its Best.,2017074901.0,-33.72213,151.074036,https://bucket-api.domain.com.au/v1/bucket/image/2017074901_1_1_210616_060441-w3600-h2400,2120,SOLD by Dion,Duffy Avenue,WESTLEIGH,House,https://www.domain.com.au/76-duffy-avenue--westleigh-2120-2017074901,https://www.domain.com.au/76-duffy-avenue-westleigh-nsw-2120-2017074901,2021-07-10,,
"3 Adamson Avenue, Thornleigh",2.0,3.0,3.0,"<b></b><br />Positioned only moments to Normanhurst West Public School and a short stroll to Normanhurst Train Station this near level parcel of land with a charming three bedroom cottage will suit downsizers, first home buyers or investors. Offering t...","['AirConditioning', 'BuiltInWardrobes', 'SecureParking', 'Dishwasher', 'FullyFenced']",Neat as a Pin! Charming Central Cottage.,2017074540.0,-33.72131,151.084778,https://bucket-api.domain.com.au/v1/bucket/image/2017074540_1_1_210616_052114-w3600-h2400,2120,For Sale,Adamson Avenue,THORNLEIGH,House,https://www.domain.com.au/3-adamson-avenue--thornleigh-2120-2017074540,https://www.domain.com.au/3-adamson-avenue-thornleigh-nsw-2120-2017074540,2021-07-10,,
"12c Britannia Street, Pennant Hills",2.0,3.0,2.0,"<b></b><br />Designed with a focus on effortless indoor/outdoor living, this family-sized townhome delivers a stylish environment and a spacious dual level layout, within a boutique collection of only six. Welcoming interiors deliver a superb layout wi...","['BuiltInWardrobes', 'Ensuite', 'Gas', 'SecureParking', 'Bath']",Boutique Townhome with A Family Friendly Layout and North Facing Garden,2017073813.0,-33.7413,151.075089,https://bucket-api.domain.com.au/v1/bucket/image/2017073813_1_1_210616_025703-w2100-h1400,2120,Sold at auction,Britannia Street,PENNANT HILLS,Townhouse,https://www.domain.com.au/12c-britannia-street--pennant-hills-2120-2017073813,https://www.domain.com.au/12c-britannia-street-pennant-hills-nsw-2120-2017073813,2021-07-10,,
"5 Chakola Avenue, Hornsby Heights",2.0,4.0,2.0,<b></b><br />Nestled on the high side of a cul-de-sac with a leafy backdrop this quaint brick veneer home offers a wonderful opportunity for relaxed family living in a thriving yet affordable area. The backyard boasts shaded lawn areas for children to ...,"['AirConditioning', 'BuiltInWardrobes', 'Ensuite', 'Floorboards', 'Dishwasher', 'Study']",COMFORTABLE FAMILY LIVING HOUSE,2017064958.0,-33.674118,151.0982,https://bucket-api.domain.com.au/v1/bucket/image/2017064958_1_1_210610_065452-w1920-h1280,2077,AUCTION,Chakola Avenue,HORNSBY HEIGHTS,House,https://www.domain.com.au/5-chakola-avenue--hornsby-heights-2077-2017064958,https://www.domain.com.au/5-chakola-avenue-hornsby-heights-nsw-2077-2017064958,2021-07-10,,
"5/18-20 Binomea Place, Pennant Hills",2.0,3.0,2.0,"<b></b><br />Perfect for family living with plentiful living space and a generous dual level layout, the oversized three-bedroom home has been updated to provide comfort, style and a low up-keep lifestyle. With three distinct living areas, modern appoi...","['AirConditioning', 'Ensuite', 'SecureParking']",Family Sized Townhome In A Boutique Collection of Five,2017061402.0,-33.7402534,151.070953,https://bucket-api.domain.com.au/v1/bucket/image/2017061402_1_1_210609_055027-w2100-h1400,2120,Sold,Binomea Place,PENNANT HILLS,Townhouse,https://www.domain.com.au/5-18-20-binomea-place--pennant-hills-2120-2017061402,https://www.domain.com.au/5-18-20-binomea-place-pennant-hills-nsw-2120-2017061402,2021-07-10,,
"2/122 Junction Road, Wahroonga",2.0,3.0,2.0,"<b></b><br />*At Ray White Kellyville, we know that your home is where you feel safe and we are committed to keep it that way for all our clients. As per the new Covid Restrictions we will be showing properties By Appointment Only - Please call to book...","['BuiltInWardrobes', 'Ensuite', 'Floorboards']","Brand New, Full Brick & Ready to Occupy",2017060938.0,-33.7098122,151.1319,https://bucket-api.domain.com.au/v1/bucket/image/2017060938_1_1_210609_043919-w6726-h4485,2076,Contact Agent,Junction Road,WAHROONGA,House,https://www.domain.com.au/2-122-junction-road--wahroonga-2076-2017060938,https://www.domain.com.au/2-122-junction-road-wahroonga-nsw-2076-2017060938,2021-07-10,,
"83 Wareemba Avenue, Thornleigh",3.0,4.0,2.0,<b></b><br />This architecturally designed three bedroom home offering raked ceilings and exposed beams is in a tranquil bush setting and includes a separate self-contained home office or teenage retreat on the lower level. Recently painted and well ma...,"['AirConditioning', 'BuiltInWardrobes', 'Ensuite', 'SecureParking', 'Bath', 'SeparateDiningRoom', 'Heating', 'Study', 'BalconyDeck']",Architecturally Designed with Beautiful Bush Views,2017059259.0,-33.7117462,151.081009,https://bucket-api.domain.com.au/v1/bucket/image/2017059259_2_1_210609_015150-w3600-h2400,2120,Auction 22nd July 2021 at 6.30pm,Wareemba Avenue,THORNLEIGH,House,https://www.domain.com.au/83-wareemba-avenue--thornleigh-2120-2017059259,https://www.domain.com.au/83-wareemba-avenue-thornleigh-nsw-2120-2017059259,2021-07-10,2021.0,2021.0
"38C Queens Road, Asquith",4.0,5.0,2.0,"<b></b><br />Privately tucked away in one of Asquith's most desirable enclaves, this immense family residence offers a peaceful lifestyle. Perfectly positioned, it's a short walk to Asquith Public School and St Patrick's, and an easy stroll from Asquit...","['AirConditioning', 'BuiltInWardrobes', 'Ensuite', 'Gas', 'SecureParking', 'Study']",Grand scale sanctuary in a sought-after cul-de-sac,2017055307.0,-33.68514,151.1153,https://bucket-api.domain.com.au/v1/bucket/image/2017055307_1_1_210607_064848-w1600-h1200,2077,Contact Agent for inspection,Queens Road,ASQUITH,House,https://www.domain.com.au/38c-queens-road--asquith-2077-2017055307,https://www.domain.com.au/38c-queens-road-asquith-nsw-2077-2017055307,2021-07-10,,
"4 Yaralla Crescent, Thornleigh",2.0,4.0,3.0,"<b></b><br />Located on the high side of the street, this light-filled family home features dual living spaces with leafy outlooks. Walking to Normanhurst West Public school, Normanhurst Boys High School, Pre-school and train station. Close to Gym, Par...","['AirConditioning', 'BuiltInWardrobes', 'Ensuite', 'Floorboards', 'Gas', 'InternalLaundry', 'SecureParking', 'Gym', 'Bath', 'Shed', 'GardenCourtyard', 'BalconyDeck']",Corner block with tranquil leafy outlook,2017048759.0,-33.7199974,151.083878,https://bucket-api.domain.com.au/v1/bucket/image/2017048759_1_1_210603_024035-w1920-h1280,2120,Contact Agent,Yaralla Crescent,THORNLEIGH,House,https://www.domain.com.au/4-yaralla-crescent--thornleigh-2120-2017048759,https://www.domain.com.au/4-yaralla-crescent-thornleigh-nsw-2120-2017048759,2021-07-10,,
"421/417-419 Pacific Highway, Asquith",2.0,3.0,2.0,"<b></b><br />Green Hub Project under construction By Hofly Group This project set to be complete by the last quarter of 2021 
luxury living within the stylish Finishes in heart of Asquith just 2 km from the Westfield shopping centre Hornsby
 Green Hu...","['AirConditioning', 'BuiltInWardrobes', 'Ensuite', 'Gas', 'InternalLaundry', 'SecureParking', 'AlarmSystem', 'Intercom', 'BroadbandInternetAccess', 'Bath', 'SeparateDiningRoom', 'Dishwasher', 'Study', 'BalconyDeck']",Penthouse under construction in Asquith,2017036712.0,-33.6865,151.108948,https://bucket-api.domain.com.au/v1/bucket/image/2017034409_4_1_210527_020135-w4500-h2534,2077,Ask Agent,Pacific Highway,ASQUITH,ApartmentUnitFlat,https://www.domain.com.au/421-417-419-pacific-highway--asquith-2077-2017036712,https://www.domain.com.au/421-417-419-pacific-highway-asquith-nsw-2077-2017036712,2021-07-10,,
"7A Rivertop Close, Normanhurst",2.0,3.0,2.0,"<b></b><br />Our homes are still open, but by private appointment only. Please contact Anna Cavill 0401 333 981 or Susan Astridge 0418 104 540 to arrange your private time slot within the advertised open home time. 

Discover a setting of outstanding...","['AirConditioning', 'Ensuite', 'Floorboards', 'Gas', 'AlarmSystem', 'Heating']",Escape to this delightful sanctuary on a beautiful 1464sqm,2017036293.0,-33.7292137,151.093872,https://bucket-api.domain.com.au/v1/bucket/image/2017036293_1_1_210527_081858-w4134-h2756,2076,"For Sale $1,749,000 to $1,923,900",Rivertop Close,NORMANHURST,House,https://www.domain.com.au/7a-rivertop-close--normanhurst-2076-2017036293,https://www.domain.com.au/7a-rivertop-close-normanhurst-nsw-2076-2017036293,2021-07-10,1749000.0,1923900.0
"1/59 Balmoral Street, Waitara",2.0,3.0,1.0,"<b></b><br />**Please enquire to book a private inspection or online viewing time**

Street fronted period home, walk to rail

This charmingly renovated home blends character and convenience in a sought-after location, central to Waitara train stat...","['AirConditioning', 'BuiltInWardrobes', 'Ensuite', 'Floorboards', 'Gas', 'InternalLaundry', 'Bath', 'Dishwasher', 'FullyFenced', 'GardenCourtyard', 'BalconyDeck']",Private viewings or online inspections only,2017035994.0,-33.70601,151.109192,https://bucket-api.domain.com.au/v1/bucket/image/2017035994_1_1_210527_071203-w4200-h2800,2077,Under contract,Balmoral Street,WAITARA,House,https://www.domain.com.au/1-59-balmoral-street--waitara-2077-2017035994,https://www.domain.com.au/1-59-balmoral-street-waitara-nsw-2077-2017035994,2021-07-10,,
"155 Somerville Road, Hornsby Heights",2.0,4.0,2.0,"<b></b><br />Bathed in sunlight and enjoying spectacular elevated bush views, this lovely family home with updated interiors boasts privacy and tranquility. Peacefully set back from the road, it is conveniently located just footsteps to Hornsby buses a...","['AirConditioning', 'BuiltInWardrobes', 'Ensuite', 'Floorboards', 'Gas', 'SecureParking', 'SwimmingPool', 'Bath']",Family home enjoys elevated bush outlooks,2017030362.0,-33.6611481,151.103531,https://bucket-api.domain.com.au/v1/bucket/image/2017030362_3_1_210525_110524-w1600-h1200,2077,Please call for private appointment,Somerville Road,HORNSBY HEIGHTS,House,https://www.domain.com.au/155-somerville-road--hornsby-heights-2077-2017030362,https://www.domain.com.au/155-somerville-road-hornsby-heights-nsw-2077-2017030362,2021-07-10,,
"54 Jaffa Rd, Dural",2.0,4.0,,"<b></b><br />Exceptionally located within walking distance to all Dural has to offer, this stunning, predominately single level home has been re-built / renovated with no expense spared. Set on a 696m2 block, this bespoke home takes full advantage of t...","['AirConditioning', 'CableOrSatellite', 'Ensuite', 'SecureParking', 'AlarmSystem', 'Intercom', 'Heating', 'Dishwasher', 'Study', 'Shed', 'FullyFenced']","RENOVATED, SINGLE LEVEL HOME WITHIN WALKING DISTANCE TO ALL AMENITIES",2017029358.0,-33.6949539,151.0265,https://bucket-api.domain.com.au/v1/bucket/image/2017029358_12_1_210525_061858-w1500-h1000,2158,"Guide : $2,000,000",Jaffa Rd,DURAL,House,https://www.domain.com.au/54-jaffa-rd--dural-2158-2017029358,https://www.domain.com.au/54-jaffa-rd-dural-nsw-2158-2017029358,2021-07-10,2000000.0,2000000.0
"3 Poplar Place, Westleigh",2.0,4.0,4,"<b></b><br />Set in a whisper quiet cul-de-sac, this family home is set back from the street, and offers an abundance of accommodation and multiple living areas, the versatile floorplan provides ideal work from home options, potential guest accommodati...","['AirConditioning', 'Ensuite', 'Floorboards', 'Gas', 'SwimmingPool']",Expansive family entertainer,2017022017.0,-33.7204247,151.0694,https://bucket-api.domain.com.au/v1/bucket/image/2017022017_5_1_210521_030858-w4134-h2756,2120,For Sale,Poplar Place,WESTLEIGH,House,https://www.domain.com.au/3-poplar-place--westleigh-2120-2017022017,https://www.domain.com.au/3-poplar-place-westleigh-nsw-2120-2017022017,2021-07-10,,
"90 Fallon Drive, Dural",3.0,4.0,2,"<b></b><br />Set in a pretty bushland estate, this stunning double storey residence is the ideal sanctuary for families looking for a tranquil lifestyle with convenience. Nestled on an elevated 805sqm block, it has been perfectly positioned to take ful...","['AirConditioning', 'BuiltInWardrobes', 'Ensuite', 'Floorboards', 'Gas', 'SecureParking', 'Dishwasher']",Stunning Double Storey offering Tranquil Lifestyle,2017010831.0,-33.7104378,151.042938,https://bucket-api.domain.com.au/v1/bucket/image/2017010831_2_1_210517_072636-w1500-h1000,2158,Cherrybrook Tech High Catchment,Fallon Drive,DURAL,House,https://www.domain.com.au/90-fallon-drive--dural-2158-2017010831,https://www.domain.com.au/90-fallon-drive-dural-nsw-2158-2017010831,2021-07-10,,
"26A Hillmont Avenue, Thornleigh",3.0,4.0,2,"<b></b><br />This modern family home located within walking distance to Thornleigh Station and Thornleigh marketplace has been built with quality in mind. This four-bedroom double brick home is sure to impress with its large open living area, modern ga...","['AirConditioning', 'BuiltInWardrobes', 'Ensuite', 'Gas', 'SecureParking']",Modern Double Brick Family Home,2017003583.0,-33.73177,151.085159,https://bucket-api.domain.com.au/v1/bucket/image/2017003583_1_1_210513_035615-w1620-h1080,2120,"$1,800,000 - $1,850,000",Hillmont Avenue,THORNLEIGH,House,https://www.domain.com.au/26a-hillmont-avenue--thornleigh-2120-2017003583,https://www.domain.com.au/26a-hillmont-avenue-thornleigh-nsw-2120-2017003583,2021-07-10,1800000.0,1850000.0
"40/3 Bundarra Avenue South, Wahroonga",2.0,3.0,2,"<b></b><br />**PRIVATE INSPECTIONS AVAILABLE**

Privately set within the sought after Filadelfia complex, this spacious, sun drenched apartment features high quality inclusions and well proportioned interiors throughout. Offering supreme convenience, i...","['AirConditioning', 'BuiltInWardrobes', 'Ensuite', 'Gas', 'InternalLaundry', 'Intercom']","Immaculate, light filled and oversized apartment",2017002578.0,-33.7176056,151.11261,https://bucket-api.domain.com.au/v1/bucket/image/2017002578_1_1_210513_010906-w1600-h1200,2076,"For Sale $1,000,000 - $1,060,000",Bundarra Avenue South,WAHROONGA,ApartmentUnitFlat,https://www.domain.com.au/40-3-bundarra-avenue-south--wahroonga-2076-2017002578,https://www.domain.com.au/40-3-bundarra-avenue-south-wahroonga-nsw-2076-2017002578,2021-07-10,1000000.0,1060000.0
"28/5-15 Balmoral Street, Waitara",3.0,3.0,2,"<b></b><br />From the moment you enter this 2 level penthouse apartment with soaring 2 storey ceilings creating an abundance of natural light you know you have found the best on show.

The ground floor offers 2 bedrooms with 2 bathrooms and built-in ...","['AirConditioning', 'BuiltInWardrobes', 'Ensuite', 'Floorboards', 'Gas', 'SecureParking', 'GroundFloor', 'AlarmSystem', 'Intercom', 'BalconyDeck']","3 bed, 3 bath, 2 car Penthouse Living. Walk to Rail.",2016953453.0,-33.7111244,151.108139,https://bucket-api.domain.com.au/v1/bucket/image/2016953453_1_1_210421_115115-w3600-h2398,2077,"For Sale $980,000-$1,050,000",Balmoral Street,WAITARA,ApartmentUnitFlat,https://www.domain.com.au/28-5-15-balmoral-street--waitara-2077-2016953453,https://www.domain.com.au/28-5-15-balmoral-street-waitara-nsw-2077-2016953453,2021-07-10,,
"2/475-477 Pacific Highway, Asquith",2.0,3.0,2,"<b></b><br />Wake up in the leafy Suburb of Asquith, to the most beautiful park views and enjoy amazing sunsets. Direct access  from townhouse site to Mills Park to walk your dog or for your children to have a haven of a garden to play in. Just open th...","['Dishwasher', 'Study']",Townhouses On Park,2016945539.0,-33.6818123,151.110489,https://bucket-api.domain.com.au/v1/bucket/image/2016945539_1_1_210419_073324-w1600-h1067,2077,UNDER CONTRACT/OFFER,Pacific Highway,ASQUITH,Townhouse,https://www.domain.com.au/2-475-477-pacific-highway--asquith-2077-2016945539,https://www.domain.com.au/2-475-477-pacific-highway-asquith-nsw-2077-2016945539,2021-07-10,,
"21 Eurong Street, Wahroonga",2.0,5.0,2,"<b></b><br />UNDER CONTRACT 
We have quite a few buyers that missed out on this property and are still looking to purchase in Wahroonga. 
Call Carla Stergiotis on 0401 928 407 for a complimentary property appraisal.

Located on a corner block, this nor...","['AirConditioning', 'Ensuite', 'SecureParking', 'SwimmingPool', 'NorthFacing', 'Dishwasher']","Beautiful Views, Sunny and Spacious",2016919238.0,-33.7403221,151.101868,https://bucket-api.domain.com.au/v1/bucket/image/2016919238_1_1_210407_092205-w1600-h1067,2076,UNDER CONTRACT/OFFER,Eurong Street,WAHROONGA,House,https://www.domain.com.au/21-eurong-street--wahroonga-2076-2016919238,https://www.domain.com.au/21-eurong-street-wahroonga-nsw-2076-2016919238,2021-07-10,,
"29 Pennant Hills Road, Normanhurst",3.0,5.0,4,"<b></b><br />Best parking on Hinemoa Avenue or Hewitt Avenue.

Potential rental return - 850pw (combined house and studio)

Offering a central location and a complete internal renovation, this character home offers convenient and comfortable living. Wi...","['Bath', 'DoubleGlazedWindows']",Sun-filled family home,2016918932.0,-33.7209358,151.105438,https://bucket-api.domain.com.au/v1/bucket/image/2016918932_1_1_210407_073034-w1500-h998,2076,Contact Agent,Pennant Hills Road,NORMANHURST,House,https://www.domain.com.au/29-pennant-hills-road--normanhurst-2076-2016918932,https://www.domain.com.au/29-pennant-hills-road-normanhurst-nsw-2076-2016918932,2021-07-10,,
"510 Pacific Highway, Mount Colah",2.0,3.0,2,"<b></b><br />Red Gum Mt Colah                   Off the plan- expected completion end 2022. Price sown for #br+study TH.

Choice of 2 and 3 bedroom plus study Townhouses and Apartments.

 

Bespoke-  With all the floor-plans and Gardens one off designs...","['BuiltInWardrobes', 'SecureParking', 'Study']","1, 2 & 3 Bedroom Townhouses & Apartments",2016901629.0,-33.6785965,151.111847,https://bucket-api.domain.com.au/v1/bucket/image/2016901629_1_1_210330_031838-w2362-h2362,2079,"$1,045,000",Pacific Highway,MOUNT COLAH,NewHouseLand,https://www.domain.com.au/510-pacific-highway--mount-colah-2079-2016901629,https://www.domain.com.au/510-pacific-highway-mount-colah-nsw-2079-2016901629,2021-07-10,1045000.0,1045000.0
"4, 8 & 10/503-505 Pacific Highway, Mount Colah",2.0,3.0,2,"<b></b><br />Introducing SOLIS, a boutique offering of architecturally designed luxury townhouses that bring a distinctive new standard in designer living to the family-friendly community of Mount Colah on Sydney's coveted Upper North Shore.

Delivered...","['AirConditioning', 'BuiltInWardrobes', 'Ensuite', 'Gas', 'InternalLaundry', 'SecureParking', 'GroundFloor', 'Study']",Premium Townhouses | Unrivalled For Size,2016895079.0,-33.664753,151.12262,https://bucket-api.domain.com.au/v1/bucket/image/2016591562_1_1_201031_060512-w2000-h1333,2079,For Sale | Contact Agent,Pacific Highway,MOUNT COLAH,Townhouse,https://www.domain.com.au/4--8-&-10-503-505-pacific-highway--mount-colah-2079-2016895079,https://www.domain.com.au/4-8-10-503-505-pacific-highway-mount-colah-nsw-2079-2016895079,2021-07-10,,
"20/3-5 Winston Street, Asquith",4.0,4.0,2,"<b></b><br />Modern and stylish, this 4 bedroom, 4 bathroom plus study townhouse in Elizabeth Garden shows a keen appreciation for space and texture, attention to detail and high-quality finishing.
The neutral colour scheme is the perfect canvas ready ...","['AirConditioning', 'BuiltInWardrobes', 'Floorboards', 'Gas', 'NorthFacing', 'Study']",BRAND NEW BEAUTIFUL TOWNHOUSES,2016349880.0,-33.6897354,151.108765,https://bucket-api.domain.com.au/v1/bucket/image/2016349880_1_1_200702_020456-w2346-h1440,2077,Contact Agent,Winston Street,ASQUITH,Townhouse,https://www.domain.com.au/20-3-5-winston-street--asquith-2077-2016349880,https://www.domain.com.au/20-3-5-winston-street-asquith-nsw-2077-2016349880,2021-07-10,,
"6/3-5 Winston Street, Asquith",3.0,4.0,2,"<b></b><br />Premium Location. Premium Quality. Modern and stylish, this 4 bedroom, 4 bathroom plus study townhouse in Elizabeth Garden shows a keen appreciation for space and texture, attention to detail and high-quality finishing.
The neutral colour ...","['AirConditioning', 'BuiltInWardrobes', 'Floorboards', 'Gas', 'Study']",LUXURY TOWNHOUSES PREMIUM LOCATION,2016553190.0,-33.6897354,151.108765,https://bucket-api.domain.com.au/v1/bucket/image/2016553190_1_1_201014_031952-w5000-h2898,2077,CONTACT AGENT,Winston Street,ASQUITH,Townhouse,https://www.domain.com.au/6-3-5-winston-street--asquith-2077-2016553190,https://www.domain.com.au/6-3-5-winston-street-asquith-nsw-2077-2016553190,2021-07-10,,
"5/3-5 Winston Street, Asquith",2.0,3.0,2,"<b></b><br />Premium Location. Premium Quality. Modern and stylish, this 3 bedroom, 2.5 bathroom plus study townhouse in Elizabeth Garden shows a keen appreciation for space and texture, attention to detail and high-quality finishing.
The neutral colou...","['AirConditioning', 'BuiltInWardrobes', 'Floorboards', 'Gas', 'Study']",Premium Location,2016782491.0,-33.6897354,151.108765,https://bucket-api.domain.com.au/v1/bucket/image/2016349880_2_1_200702_020456-w2560-h1524,2077,Townhouses Selling Fast,Winston Street,ASQUITH,Townhouse,https://www.domain.com.au/5-3-5-winston-street--asquith-2077-2016782491,https://www.domain.com.au/5-3-5-winston-street-asquith-nsw-2077-2016782491,2021-07-10,,
"4/2 Rupert Street, Mount Colah",2.0,3.0,2,"<b></b><br />Contact Adam for either an in office or on site appointment 0450 753 268

Completion in September 2021

Stone Gardens - Only 1 left

These luxury townhouses are designed to deliver style, space and comfort in a convenient and popular...","['AirConditioning', 'Floorboards', 'Gas']",LAST ONE LEFT FOR SALE,2016472241.0,-33.6799431,151.110153,https://bucket-api.domain.com.au/v1/bucket/image/2016472241_1_1_210305_092235-w4000-h2250,2079,Contact Agent,Rupert Street,MOUNT COLAH,Townhouse,https://www.domain.com.au/4-2-rupert-street--mount-colah-2079-2016472241,https://www.domain.com.au/4-2-rupert-street-mount-colah-nsw-2079-2016472241,2021-07-10,,
